Model,Training Time (ms),Inference Time (ms),Model Size (KB),Training Samples,Number of Features
DBSCAN (Custom Heuristic),29.621200000065073,3.965985600002341,13.4599609375,132,13
Isolation Forest,123.65079999995032,3.589763299998367,903.3369140625,132,13
LOF,23.602600000003804,0.9018689999959406,53.693359375,132,13
